[
  {
    "id": "hr-compliance",
    "title": "HR Compliance & Legal Services",
    "shortDescription": "Comprehensive compliance management to keep your business legally protected",
    "description": "Our HR compliance services ensure your business meets all statutory and regulatory requirements in India. We provide labor law audits, policy drafting, legal risk assessment, compliance training, and ongoing support to help you avoid penalties and foster a safe, ethical workplace.",
    "icon": "Shield",
    "features": [
      "Labour law compliance audits",
      "Employment contract drafting",
      "Policy development & updates",
      "Legal risk assessment",
      "Compliance training programs",
      "Audit support & documentation"
    ],
    "benefits": [
      "Avoid legal penalties and fines",
      "Protect your business reputation",
      "Ensure employee safety and rights",
      "Stay updated with changing regulations",
      "Reduce compliance-related stress"
    ],
    "cta": "Get Free Consultation",
    "duration": "Ongoing support",
    "category": "Compliance"
  },
  {
    "id": "recruitment-hiring",
    "title": "Recruitment & Talent Acquisition",
    "shortDescription": "Strategic recruitment solutions to find and hire the best talent",
    "description": "Our recruitment services help you build a strong team by finding the right candidates for your organization. We handle the entire hiring process from job posting to onboarding, ensuring you get quality hires that fit your company culture and requirements.",
    "icon": "Users",
    "features": [
      "Job description optimization",
      "Candidate sourcing & screening",
      "Interview coordination",
      "Background verification",
      "Offer letter preparation",
      "Onboarding support"
    ],
    "benefits": [
      "Reduce time-to-hire by 50%",
      "Improve candidate quality",
      "Lower recruitment costs",
      "Better cultural fit",
      "Streamlined hiring process"
    ],
    "cta": "Get Free Consultation",
    "duration": "Per position",
    "category": "Recruitment"
  },
  {
    "id": "employee-engagement",
    "title": "Employee Engagement & Culture",
    "shortDescription": "Build a positive workplace culture and boost employee satisfaction",
    "description": "Create a workplace where employees feel valued, motivated, and engaged. Our employee engagement services help you develop programs that improve retention, productivity, and overall workplace satisfaction.",
    "icon": "Heart",
    "features": [
      "Employee satisfaction surveys",
      "Engagement program design",
      "Recognition & rewards systems",
      "Team building activities",
      "Communication strategies",
      "Performance management"
    ],
    "benefits": [
      "Increase employee retention",
      "Boost productivity and morale",
      "Improve company culture",
      "Reduce turnover costs",
      "Enhance employer brand"
    ],
    "cta": "Get Free Consultation",
    "duration": "Ongoing programs",
    "category": "Engagement"
  }
] 